suite,source,split,records
rad_open,medmcqa,train,35634
rad_open,medqa,train,9175
rad_open,eurorad,train,2912
rad_open,mmlu_med,dev,123
rad_open,medmcqa,dev,2456
rad_open,medqa,dev,1003
rad_open,iu,dev,886
rad_open,pubmedqa,dev,469
rad_open,eurorad,dev,329
rad_open,medxpertqa,dev,499
rad_open,medmcqa,test,4151
rad_open,medxpertqa,test,1951
rad_open,iu,test,2848
rad_open,eurorad,test,346
rad_open,mmlu_med,test,1089
rad_open,pubmedqa,test,531
rad_open,medqa,test,1273
rad_gated,ctrate,train,8000
rad_gated,ctrate,dev,1911
rad_gated,ctrate,test,1564
teacher,all,train,11443
teacher,all,test,626
teacher,all,dev,877
