system,name,size,prespecified,human_keys_micro,human_keys_micro_lo,human_keys_micro_hi,human_keys_macro,human_keys_macro_lo,human_keys_macro_hi,radiology_human_keys_micro,radiology_human_keys_micro_lo,radiology_human_keys_micro_hi,radiology_human_keys_macro,radiology_human_keys_macro_lo,radiology_human_keys_macro_hi,overall_micro,overall_micro_lo,overall_micro_hi,overall_macro,overall_macro_lo,overall_macro_hi
v2_27,RadKev-27B,27B,True,0.8244238156209988,0.819727745761188,0.8290157167438116,0.8488987024529351,0.8384245496753906,0.8587449425724567,0.9543695253615808,0.9499946539221762,0.9586301559687441,0.9131990349095854,0.8949892274879216,0.931204456513234,0.8717766383472435,0.8683040481878133,0.8750752002457619,0.9013545393889326,0.8941183397545663,0.908376058095511
r9,RadKev-9B,9B,False,0.7928937259923176,0.7879595751052173,0.7975536579792202,0.803930235847125,0.7919810865035516,0.8150244221287073,0.9504990833163577,0.9461056616732194,0.9547406375749532,0.879471644830066,0.8576274457050347,0.9008350188608782,0.8484224709008571,0.844754694185371,0.8518660589656994,0.8692311610016079,0.8593963171581906,0.8783102413069858
qwen38,Qwen3.8-27B,27B,True,0.8028702518139138,0.7980373538705401,0.8076344954877631,0.8220340296883606,0.8116262702813267,0.8325266741487568,0.9494805459360358,0.9448913541647828,0.9537844112873409,0.8886060112179783,0.8682448692679977,0.9078269629262934,0.8504060780717841,0.8467348196576846,0.854058511470896,0.8912803419449215,0.8844859445063615,0.8982737505919902
medgemma_fix,MedGemma-27B-text,27B,False,0.7366623986342297,0.7309330763077907,0.741887483291019,0.7369850789880965,0.7238437142736913,0.7497277500130466,0.9132206151965777,0.9077863631351374,0.9184881910687981,0.8270451980417096,0.8055970110201363,0.8495675925309056,0.7932931621692428,0.788935779950413,0.7974093509760326,0.8201226576522876,0.8107280661898866,0.8294125731541994
stock27,Kev-27B,27B,True,0.7822769953051644,0.777131573340076,0.7873353545978675,0.8109673221980639,0.7998886900899437,0.8219879806539874,0.9300264819718884,0.9244783715012722,0.9354118171831606,0.8650784727531597,0.8433089245536954,0.8865865077990793,0.8286238257419813,0.8246021104964728,0.832510606447089,0.833206702066109,0.8232365190976906,0.8436858023290242
stock9,Kev-9B,9B,True,0.7563486982501068,0.7510388199323117,0.7612261837763761,0.7563050443061368,0.7432751214176591,0.7687153251235623,0.9404155632511714,0.9353299370897509,0.9452611361834464,0.8284124849936303,0.8046004619942861,0.8516783286333516,0.8040720086829597,0.7998277682754187,0.8078523633919298,0.7911984958014822,0.7800712082274772,0.8018198471402427
kev4,Kev-4B,4B,False,0.729726845924029,0.7243894207260562,0.7349334178981974,0.7332065063031741,0.719648231313578,0.7468246576302118,0.9260541861886331,0.9208454675728575,0.9310415852071576,0.8258629660061575,0.8032286426698163,0.8484210536452215,0.7822897563531569,0.7780606466788684,0.7864639913045187,0.7549552321214539,0.7416139997802841,0.7672115781239568
kev08,Kev-0.8B,0.8B,False,0.6016858728126334,0.5955870302315952,0.6074791589618636,0.535238819006088,0.5194344594543905,0.5507915694527012,0.8565899368506824,0.8495456910852576,0.8636369421740057,0.7157982506101876,0.691650792976844,0.7394778287037314,0.6820240278453535,0.6771873156244691,0.6865979763591135,0.5971728324429889,0.5823587927985291,0.6117681769351162
gliner_decide,GLiNER2.5-Decide,0.49B,False,0.4988262910798122,0.4935606431561286,0.5042926923103346,0.4243600168287917,0.40970046687738054,0.4390401357840664,0.7304950091668364,0.7235138778411909,0.7374199249243855,0.6197503312933726,0.5959030435166807,0.6435672485198324,0.5357610689022793,0.5310280498888102,0.5406747608949258,0.4440947080086778,0.4314989705630646,0.4569202659534349
laya_typed,Laya-typed-decisions,0.42B,False,0.49749253094323515,0.4913987998045278,0.5035496563773364,0.40281584755014477,0.3878392780840296,0.41746480786768425,0.7222448563862294,0.7131820964148305,0.7310788209650213,0.548512656134402,0.5245587776788342,0.5728354880880475,0.5126314607582619,0.5070747584664081,0.5181702801549171,0.45334922099672736,0.4375038647569018,0.4683891177739484
laya,Laya,0.42B,True,0.4586000853606487,0.45219178130665805,0.4649124183040464,0.38699396451064905,0.3721279850749991,0.40237976697631506,0.647993481360766,0.6382173196726919,0.6579387105039733,0.5069027219326664,0.4835415120200386,0.5301698894219568,0.46805643923799545,0.46245641660472847,0.4736148214483415,0.43329015567911516,0.41753543030184914,0.447921741671537
julia1,Julia-1,0.14B,False,0.4425949637217243,0.43674084042799344,0.4486734635466443,0.3614035697461422,0.3472134379482309,0.3759753073305633,0.6245671216133633,0.6156795183945437,0.6331948429278914,0.508354443243275,0.48374296381313703,0.5329609354910322,0.45855009543770353,0.4531232309866188,0.46380983136376913,0.3478316226589337,0.33626611425274444,0.36017758572435776
b9,"9B, base initialisation",9B,False,0.769579598804951,0.7644610403335125,0.7746314912256619,0.782921383950519,0.7706914516765869,0.795046590658269,0.9374618048482379,0.9323029695545264,0.942319479816827,0.8757228842376911,0.8538659110036609,0.8961702974055121,0.8330401586885737,0.8291930666836006,0.8367294480996941,0.857481147942798,0.8484284937928741,0.8666828008184863
r9f10,"RadKev-9B, 10% data",9B,False,0.780729833546735,0.7757345981081492,0.7855850032202036,0.7879855289954983,0.7755456123247836,0.8002050655935049,0.9482583010796496,0.9436500122888236,0.9528479749870316,0.8607572313963057,0.8386317942039887,0.8829508834827315,0.8359220030689771,0.8322660481432796,0.8395287959516962,0.8521203039540157,0.8428678202419706,0.861805319579461
b9f10,"9B, base initialisation, 10% data",9B,False,0.77614169867691,0.7712421766126611,0.7811536106284224,0.7830115214082648,0.7706157045452978,0.7947632566947584,0.94734161743736,0.9428310293532932,0.9520795492408276,0.8594092875820719,0.8363983494676868,0.8819175822600381,0.8346120738051573,0.8311636218164326,0.838207890687857,0.8457758069136567,0.8357996773761606,0.8552746460637453
v1med27,RadKev-27B v1 (open data only),27B,True,0.8169547588561673,0.8119405924264917,0.8219829183526874,0.8447393568156552,0.8343163318263797,0.8548209710401737,0.934711753921369,0.9296862263854321,0.9398045348625955,0.8978602997233796,0.8791575106385283,0.9167278513154062,0.8507803435757326,0.8468944997873182,0.8548100256293377,0.8450494108062339,0.8352145060172489,0.8547838542984414
v0open27,RadKev-27B pilot,27B,True,0.8020699957319676,0.7971737786981375,0.806990488182058,0.8275044724059898,0.8166422967334542,0.8383308891738477,0.9416378081075576,0.9368748994702055,0.9463760980713314,0.8877513929364049,0.8678960336142474,0.9074690755441244,0.841685691829784,0.8378754819421343,0.8455966984193863,0.8289658987509718,0.8185115902291901,0.8393077145332937
ft9,RadKev-9B pilot,9B,True,0.7739009816474606,0.7688125835720185,0.7788331379236836,0.7903829034377853,0.7784748868131094,0.8022972243454923,0.9430637604400082,0.938155883851248,0.9477923698844848,0.8773722470744505,0.8568394064953261,0.899578354355241,0.8161233579101014,0.8121590212577018,0.8200458397001981,0.8036200301382056,0.792486766987793,0.8142900122915829
