task,system,full,full_lo,full_hi,blind,blind_lo,blind_hi,drop,drop_lo,drop_hi
eurorad_dx,v2_27,0.9393063583815029,0.9132947976878613,0.9624277456647399,0.7803468208092486,0.7369942196531792,0.8236994219653179,0.15895953757225434,0.11271676300578037,0.20520231213872842
eurorad_dx,stock27,0.8265895953757225,0.7861271676300579,0.8641618497109826,0.476878612716763,0.4276734104046243,0.5289017341040463,0.3497109826589595,0.2890173410404624,0.41040462427745666
eurorad_dx,r9,0.9104046242774566,0.8786127167630058,0.9393063583815029,0.8121387283236994,0.7745664739884393,0.8526011560693642,0.09826589595375723,0.052023121387283267,0.14161849710982666
eurorad_dx,stock9,0.7514450867052023,0.708092485549133,0.7947976878612717,0.38439306358381503,0.3352601156069364,0.43641618497109824,0.36705202312138724,0.3034682080924856,0.4277456647398844
eurorad_dx,qwen38,0.8439306358381503,0.8034682080924855,0.8815028901734104,0.5,0.4479768786127168,0.5520231213872833,0.3439306358381503,0.28612716763005785,0.40173410404624277
eurorad_dx,medgemma_fix,0.7254335260115607,0.6791907514450867,0.7716763005780347,0.26878612716763006,0.22536127167630057,0.3179190751445087,0.4566473988439307,0.3901734104046243,0.5202312138728324
medqa,v2_27,0.8680282796543598,0.8483896307934015,0.8868813825608798,0.36135113904163396,0.33540848389630795,0.3880597014925373,0.5066771406127258,0.47604084838963084,0.5373134328358209
medqa,stock27,0.8381775333857031,0.816967792615868,0.8593872741555381,0.32521602513747055,0.3000589159465829,0.3503731343283581,0.5129615082482326,0.4799685781618225,0.5475255302435192
medqa,r9,0.772191673212883,0.7478397486252946,0.7965435978004713,0.3527101335428123,0.3267871170463472,0.37941869599371564,0.4194815396700707,0.38491751767478394,0.45247446975648076
medqa,stock9,0.7234878240377062,0.6983503534956795,0.7478397486252946,0.29772191673212883,0.27258444619010214,0.3220738413197172,0.42576590730557734,0.39198743126472896,0.4603299293008641
medqa,qwen38,0.8397486252945797,0.8185388845247447,0.8601728201099764,0.33385703063629224,0.3079340141398272,0.3605655930871956,0.5058915946582875,0.47446975648075407,0.5380989787902593
medqa,medgemma_fix,0.6936370777690495,0.6692851531814611,0.7187745483110762,0.27336999214454044,0.24901806755695208,0.2969363707776905,0.42026708562450904,0.3864886095836607,0.45327965435977996
