a,b,scope,ece_d,ece_lo,ece_hi,conf_err_d,conf_err_lo,conf_err_hi,cov5_d,cov5_lo,cov5_hi,brier_d,brier_lo,brier_hi
v2_27,stock27,human_keys,0.012643111501314641,0.006204438307911141,0.018950541925928113,0.015044814340588988,0.013240197265986353,0.01688932235119864,0.055057618437900135,0.045272096991539,0.06550665050745011,-0.03574950004368163,-0.03914126504051444,-0.032488259489121214
v2_27,stock27,overall,-0.008361718081472506,-0.012857729117451979,-0.003297909575322047,0.008495826939630975,0.0070650007808581,0.009941146976780146,0.07436655563456718,0.06563114523887634,0.08266062587499617,-0.04370669033783281,-0.04662898081297916,-0.040823858659563436
v2_27,qwen38,human_keys,0.006842639834390048,0.0023626356702448155,0.010800253627845502,-0.001653862569355527,-0.0037960851565003394,0.0005868312437087297,0.06636790439607343,0.057106205821037294,0.07642207890748977,-0.03218775617531891,-0.035933260601369484,-0.028535959299535608
v2_27,medgemma_brief,human_keys,-0.1322161231348576,-0.13779159333347582,-0.12613639203493773,-0.09373666239863424,-0.09833086258731782,-0.08897224464453757,0.1903008962868118,0.16879233866930007,0.20769708305597306,-0.16861830195957692,-0.17619806565568694,-0.1604489971153208
v2_27,medgemma_fix,human_keys,-0.13962980050092827,-0.14515801914908058,-0.13340579612360354,-0.09981860862142553,-0.10419393521733582,-0.0951329508330673,0.21238796414852756,0.1850438341498375,0.2405399329960346,-0.1780678568647995,-0.1857714693575174,-0.17008785423100273
r9,stock9,human_keys,0.0146976731292668,0.008308701836192174,0.02030735907947441,0.009923175416133162,0.008157041913364083,0.011694118659943341,0.055324370465215544,0.045160889625549316,0.06561997979879379,-0.03675168402466339,-0.04028325792275405,-0.033109982676345455
r9,stock9,overall,0.001940175634507109,-0.003287938624712861,0.005782658445480924,0.002058460271716755,0.0004855960607528687,0.0034843234810978158,0.0907968112579064,0.08226773738861085,0.10173100233078003,-0.05269320994663976,-0.056001502576574436,-0.04954619634190071
r9,qwen38,human_keys,0.007156950376540579,0.002000957291397518,0.011200977353363247,-0.00565514297908664,-0.007901877770200372,-0.0034127174410969034,0.023527528809218934,0.012919270992279052,0.035667327046394345,0.002666982859908573,-0.0021903059189428585,0.007267161053543849
r9,b9,human_keys,0.009734415104779171,0.004086585933548202,0.014906110432872197,0.006722151088348272,0.004960733582265675,0.008488983591087162,0.04220017072129745,0.03171842098236084,0.05210107266902923,-0.021186832440961145,-0.025162638135092775,-0.017232001835766484
r9,b9,overall,0.0017377289181958605,-0.0020073340645746867,0.006173734951898429,0.005015157752909914,0.003785759722813964,0.006357155065052211,0.01998577791084999,0.01348506212234497,0.028289288282394402,-0.012893578888765939,-0.015773563613290676,-0.009949418410572841
stock27,qwen38,human_keys,-0.005800471666924593,-0.012227786826098638,0.000589066599426607,-0.016698676909944515,-0.018532690696883947,-0.014812288421671838,0.011310285958173294,0.0010136336088180542,0.02151117473840713,0.003561743868362721,-7.766621136609388e-05,0.007189201302883919
