task,family,n,majority,v2_27_acc,v2_27_lo,v2_27_hi,stock27_acc,stock27_lo,stock27_hi,r9_acc,r9_lo,r9_hi,stock9_acc,stock9_lo,stock9_hi,qwen38_acc,qwen38_lo,qwen38_hi,medgemma_fix_acc,medgemma_fix_lo,medgemma_fix_hi
iu_finding,report_cxr_human,5696,0.7870435393258427,0.969627808988764,0.965234375,0.9740168539325843,0.9655898876404494,0.9606741573033708,0.9703300561797753,0.9771769662921348,0.9731390449438202,0.9808637640449438,0.9708567415730337,0.9661165730337079,0.9752457865168539,0.9659410112359551,0.9608497191011236,0.9703300561797753,0.9715589887640449,0.9666432584269663,0.976123595505618
iu_normal,report_cxr_human,2848,0.6365870786516854,0.9343398876404494,0.9252106741573034,0.9434691011235955,0.8764044943820225,0.8634129213483146,0.8883426966292135,0.9122191011235955,0.9020365168539326,0.9224016853932584,0.9171348314606742,0.90625,0.9273174157303371,0.9364466292134831,0.9273174157303371,0.9452334971910112,0.8219803370786517,0.807935393258427,0.8353230337078652
iu_which,report_cxr_human,674,0.27299703264094954,0.9629080118694362,0.9488275978407558,0.9762621823449168,0.9540059347181009,0.9377819379384662,0.9693441829286459,0.9688427299703264,0.9558582873928054,0.9815419847328245,0.9584569732937686,0.9432724999872181,0.9728915662650602,0.9614243323442137,0.946644871354129,0.9748892171344166,0.9584569732937686,0.9430537280701754,0.9732149144869215
eurorad_dx,case_diagnosis,346,0.26011560693641617,0.9393063583815029,0.9132947976878613,0.9624277456647399,0.8265895953757225,0.7832369942196532,0.8641618497109826,0.9104046242774566,0.8786127167630058,0.9393063583815029,0.7514450867052023,0.7052023121387283,0.7947976878612717,0.8439306358381503,0.8063583815028902,0.8786127167630058,0.7254335260115607,0.6791907514450867,0.7716763005780347
eurorad_route,routing,185,0.22162162162162163,0.8324324324324325,0.7741889921632951,0.8839779005524862,0.8432432432432433,0.7889269878805794,0.8918999838161514,0.827027027027027,0.7701029066618522,0.8777876480541454,0.7783783783783784,0.7134961884961886,0.8359788359788359,0.8702702702702703,0.8186528497409327,0.9153439153439153,0.7891891891891892,0.7301518883415434,0.8461538461538461
medmcqa_rad,radiology_knowledge,69,0.3188405797101449,0.8405797101449275,0.75,0.9242424242424242,0.7246376811594203,0.6231824661439772,0.8289553915275995,0.6811594202898551,0.566253170577045,0.7878933566433566,0.5942028985507246,0.48484848484848486,0.7101797658862875,0.7536231884057971,0.6470113851992411,0.8545454545454545,0.6956521739130435,0.5861945812807882,0.8
medmcqa_med,medical_knowledge,4082,0.26580107790298874,0.7322390984811367,0.7187951239674774,0.7454795591830864,0.6435570798628123,0.6286203429835645,0.6580189133486932,0.6888780009799118,0.6741845731622967,0.7026644044439978,0.595296423321901,0.5795924880309671,0.6102722838201314,0.6827535521803038,0.6687782070897967,0.6974975466143277,0.5938265556099951,0.578507077281949,0.6083344048493754
medqa,medical_knowledge,1273,0.25530243519245877,0.8680282796543598,0.8491751767478397,0.8853102906520032,0.8381775333857031,0.8177533385703064,0.8586213668499607,0.772191673212883,0.7501963864886095,0.7949725058915946,0.7234878240377062,0.6991162608012568,0.7470542026708562,0.8397486252945797,0.8208758837391987,0.8586017282010998,0.6936370777690495,0.6677140612725845,0.7179890023566379
medxpertqa,medical_knowledge,1951,0.11430035879036392,0.3065094823167606,0.2849820604818042,0.32803690415171705,0.2398769861609431,0.22142491030240902,0.2593541773449513,0.2106611993849308,0.19323423885187083,0.2291132752434649,0.15940543311122501,0.14300358790363915,0.17582009226037923,0.27626858021527423,0.25627883136852897,0.29779600205023066,0.17119425935417734,0.15427985648385442,0.18862121988723732
mmlu_anatomy,medical_knowledge,135,0.2814814814814815,0.8444444444444444,0.779409229208925,0.903711111111111,0.7703703703703704,0.6991705523672884,0.8387096774193549,0.7925925925925926,0.7209302325581395,0.8591604313380281,0.7703703703703704,0.6979829559171454,0.8407220115184716,0.7777777777777778,0.7053963314772356,0.8446037607374817,0.7185185185185186,0.6422688949111713,0.7947114862664205
mmlu_clinical_knowledge,medical_knowledge,265,0.28679245283018867,0.8905660377358491,0.8525165113810591,0.9280704008221993,0.8641509433962264,0.8212889115583172,0.905459691252144,0.8490566037735849,0.8045955405755769,0.8918039609644086,0.7924528301886793,0.7426112389719985,0.8380639097744361,0.8679245283018868,0.8262416091254265,0.9094550733415848,0.8150943396226416,0.7695167286245354,0.860870382477934
mmlu_college_biology,medical_knowledge,144,0.2708333333333333,0.9444444444444444,0.904739010989011,0.9782647794807632,0.9166666666666666,0.8671875,0.9594594594594594,0.9305555555555556,0.8859012464046022,0.9697015334063527,0.875,0.8181818181818182,0.9266707317073171,0.9513888888888888,0.9130434782608695,0.9852941176470589,0.8055555555555556,0.7430505952380952,0.8718253968253966
mmlu_college_medicine,medical_knowledge,173,0.2947976878612717,0.861271676300578,0.8092485549132948,0.9105285210232285,0.8554913294797688,0.8036756622575268,0.9056659267480577,0.8092485549132948,0.747185934750237,0.8654994340690435,0.7687861271676301,0.7041371457489879,0.8295454545454546,0.8439306358381503,0.791901493256262,0.8980920324955185,0.7225433526011561,0.6557331511839708,0.789786473607038
mmlu_medical_genetics,medical_knowledge,100,0.3,0.95,0.9032258064516129,0.9888888888888889,0.96,0.9166666666666666,0.9910734039190898,0.92,0.8631515280135824,0.9680851063829787,0.84,0.7641096698113208,0.9074112978524743,0.96,0.9166666666666666,0.9906563689858082,0.84,0.7647058823529411,0.91
mmlu_professional_medicine,medical_knowledge,272,0.27941176470588236,0.9448529411764706,0.9166666666666666,0.9705882352941176,0.9264705882352942,0.893936799501868,0.9571428571428572,0.8897058823529411,0.851555965381041,0.9275374812593703,0.8786764705882353,0.8369400820052608,0.9173615625096728,0.9375,0.9074679284812306,0.9653849480968858,0.8382352941176471,0.7927272727272727,0.8821401025668781
pubmedqa,medical_knowledge,531,0.5423728813559322,0.7608286252354048,0.7250470809792844,0.7966572504708095,0.7702448210922788,0.7344632768361582,0.8060263653483992,0.7231638418079096,0.6854990583804144,0.7627118644067796,0.7269303201506592,0.6892655367231638,0.7645951035781544,0.6836158192090396,0.6440677966101694,0.7250470809792844,0.6308851224105462,0.591337099811676,0.6704802259887003
ctrate_finding,report_ct,4692,0.657075873827792,0.9859335038363172,0.9825234441602728,0.9893435635123614,0.9486359761295823,0.9420289855072463,0.9548167092924126,0.9829497016197783,0.9791133844842285,0.9865728900255755,0.91538789428815,0.9077152600170503,0.9230605285592498,0.9560954816709293,0.9499147485080989,0.961849957374254,0.920076726342711,0.9119778346121057,0.9277493606138107
ctrate_normal,report_ct,1564,0.8842710997442456,0.9852941176470589,0.9789002557544757,0.9910485933503836,0.9629156010230179,0.9533248081841432,0.9718670076726342,0.9833759590792839,0.9769820971867008,0.9891304347826086,0.9661125319693095,0.9565217391304348,0.9744245524296675,0.9635549872122762,0.9546035805626598,0.9725063938618926,0.9379795396419437,0.9258312020460358,0.9494884910485933
ctrate_which,report_ct,694,0.260806916426513,0.9942363112391931,0.9880216941682246,0.9986339728413812,0.9610951008645533,0.9469017506209159,0.9744682448405853,0.9927953890489913,0.9856517655316206,0.9985465643669625,0.9711815561959655,0.9583333333333334,0.9830985915492958,0.9639769452449568,0.9491980445469775,0.977645305514158,0.9409221902017291,0.9229671378927115,0.958276278306214
teacher_cxr_findings_finding_status,report_cxr,83,0.6144578313253012,0.9759036144578314,0.9397590361445783,1.0,0.9879518072289156,0.958318661971831,1.0,0.9879518072289156,0.9594594594594594,1.0,0.9518072289156626,0.9024323966065748,0.98989898989899,0.9879518072289156,0.958318661971831,1.0,0.9759036144578314,0.9397590361445783,1.0
teacher_order_appropriate,orders_protocols,166,0.5421686746987951,0.9879518072289156,0.9675289384528516,1.0,0.7771084337349398,0.7098715651135007,0.8378499757242271,0.9879518072289156,0.96893924689441,1.0,0.8674698795180723,0.8117627960275019,0.9182389937106918,1.0,1.0,1.0,0.9578313253012049,0.925,0.9844254889455779
teacher_order_contrast,orders_protocols,49,0.5918367346938775,0.8979591836734694,0.8103243021346469,0.9767573995771669,0.42857142857142855,0.2888782051282051,0.5686274509803921,0.8775510204081632,0.7755102040816326,0.9607843137254902,0.30612244897959184,0.18181818181818182,0.44,0.8979591836734694,0.8043478260869565,0.9772853535353535,0.6530612244897959,0.5134805537244561,0.7812642045454544
teacher_order_exam,orders_protocols,169,0.6094674556213018,0.9644970414201184,0.9351351351351351,0.98863955566905,0.8520710059171598,0.7988136863136863,0.9038461538461539,0.9349112426035503,0.8947368421052632,0.9705882352941176,0.7751479289940828,0.7117619992782389,0.8361606700366736,1.0,1.0,1.0,0.9822485207100592,0.9605188397129186,1.0
teacher_order_priority,orders_protocols,136,0.4117647058823529,0.8897058823529411,0.8359375,0.9401709401709402,0.6691176470588235,0.5882352941176471,0.75,0.8235294117647058,0.7564024390243902,0.8879327586206897,0.6397058823529411,0.562903559602649,0.7229837550316274,0.9779411764705882,0.9507042253521126,1.0,0.7794117647058824,0.7074683321604504,0.8518842268842267
teacher_report_change,triage_followup,18,0.5555555555555556,1.0,1.0,1.0,0.9444444444444444,0.8235294117647058,1.0,0.8888888888888888,0.7198571428571429,1.0,0.9444444444444444,0.8180397727272728,1.0,1.0,1.0,1.0,1.0,1.0,1.0
teacher_report_critical,triage_followup,90,0.8777777777777778,0.9777777777777777,0.9425120288692862,1.0,0.9777777777777777,0.9431818181818182,1.0,0.9888888888888889,0.9629629629629629,1.0,0.9666666666666667,0.925531914893617,1.0,0.9888888888888889,0.9629629629629629,1.0,1.0,1.0,1.0
teacher_report_follow_up,triage_followup,95,0.5473684210526316,0.9263157894736842,0.8695522774327122,0.9746991717455852,0.8421052631578947,0.7737941826215022,0.912621359223301,0.9368421052631579,0.8842105263157894,0.9803921568627451,0.7473684210526316,0.6590909090909091,0.8297925531914893,0.968421052631579,0.9285714285714286,1.0,0.9157894736842105,0.8556701030927835,0.9690721649484536
teacher_report_incidental,triage_followup,121,0.512396694214876,0.9917355371900827,0.9714285714285714,1.0,0.9173553719008265,0.8646552822734803,0.9615530303030303,1.0,1.0,1.0,0.8842975206611571,0.8245614035087719,0.9411764705882353,1.0,1.0,1.0,1.0,1.0,1.0
teacher_report_urgency,triage_followup,98,0.8571428571428571,0.9795918367346939,0.9489795918367347,1.0,0.9183673469387755,0.8640776699029126,0.967741935483871,0.9591836734693877,0.9166447368421052,0.9910714285714286,0.9081632653061225,0.847806905370844,0.9611650485436893,0.9897959183673469,0.9642776705276705,1.0,0.9285714285714286,0.8737838528359734,0.9772727272727273
