family,n,kev27,radkev27,diff,lo,hi,p,n_nodemo,diff_nodemo,lo_nodemo,hi_nodemo,p_nodemo,p_holm_nodemo,improves
report_cxr_human,9218,0.9371881102191365,0.9582338902147971,0.021045779995660596,0.017332900010833093,0.024736899207985167,0.0,9011,0.02152924203750972,0.017742096535518326,0.02530991676179245,0.0,0.0,yes
case_diagnosis,346,0.8265895953757225,0.9393063583815029,0.11271676300578037,0.07514450867052025,0.1502890173410405,0.0,286,0.1048951048951049,0.06451612903225812,0.14643086080586082,0.0,0.0,yes
routing,185,0.8432432432432433,0.8324324324324325,-0.010810810810810811,-0.054068822921281935,0.031927832087406474,0.684,158,-0.012658227848101222,-0.05960264900662249,0.03144654088050314,0.669,1.0,no
radiology_knowledge,69,0.7246376811594203,0.8405797101449275,0.1159420289855072,0.0,0.2222222222222222,0.06,69,0.1159420289855072,0.0,0.2222222222222222,0.06,0.18,no
medical_knowledge,8926,0.6197624915975801,0.6814922697736948,0.06172977817611469,0.05424747060895641,0.06937175647072157,0.0,8626,0.06167400881057261,0.054085031094124436,0.06957649219827056,0.0,0.0,yes
report_ct,6950,0.9530935251798561,0.9866187050359713,0.03352517985611514,0.028966396949936503,0.03839255022021692,0.0,6950,0.03352517985611514,0.028966396949936503,0.03839255022021692,0.0,0.0,yes
report_cxr,83,0.9879518072289156,0.9759036144578314,-0.012048192771084265,-0.038961038961038974,0.0,0.723,83,-0.012048192771084265,-0.038961038961038974,0.0,0.723,1.0,no
orders_protocols,520,0.7403846153846154,0.9461538461538461,0.2057692307692307,0.1669615849969752,0.24345116849552095,0.0,520,0.2057692307692307,0.1669615849969752,0.24345116849552095,0.0,0.0,yes
triage_followup,422,0.9146919431279621,0.9715639810426541,0.056872037914691975,0.030971741975815162,0.08311720064776301,0.0,422,0.056872037914691975,0.030971741975815162,0.08311720064776301,0.0,0.0,yes
overall_task_mean,26719,0.833206702066109,0.9013545393889326,0.06814783732282359,0.05789477114134372,0.07830977474468363,0.0,26125,0.06715808865469164,0.05703612578879304,0.0774138728595542,0.0,0.0,
human_keys_task_mean,18744,0.8109673221980639,0.8488987024529351,0.037931380254871194,0.02697350979965504,0.04793134573785276,0.0,18150,0.03613746079388225,0.025112952097907513,0.04670520779433742,0.0,0.0,
radiology_human_keys_task_mean,9818,0.8650784727531597,0.9131990349095854,0.048120562156425684,0.026176133161011424,0.06807519029484733,0.0,9524,0.046720400538846074,0.025432639737631484,0.06731848044748812,0.0,0.0,
