pair,n,micro,lo,hi,macro,macro_lo,macro_hi
qwen38_think-qwen38,1800,0.028888888888888853,0.01499104802579497,0.04256525495770439,0.04972964199434418,0.031109261272915537,0.06923953677515524
medgemma_think-medgemma_fix,1800,0.039999999999999925,0.02339800299024141,0.05685618729096986,0.056664442857660355,0.03484909266940933,0.07956627617369912
qwen38_think-medgemma_think,1800,0.07277777777777783,0.057205338801509235,0.08934641224723473,0.07989119114087699,0.059089250389336774,0.10158630897159134
v2_27-qwen38_think,1800,-0.006111111111111067,-0.019444714656290572,0.007194643619546912,-0.02549040825822053,-0.043349474179224565,-0.008359691016241372
v2_27-medgemma_think,1800,0.06666666666666676,0.04936812625913535,0.08426440648274705,0.054400782882656464,0.033483922295852585,0.07692346367304295
r9-qwen38_think,1800,-0.032777777777777795,-0.047328849876996024,-0.01720215510513111,-0.06832753926016993,-0.08946732639355608,-0.046377736795692216
r9-medgemma_think,1800,0.040000000000000036,0.02277431897662434,0.057694195176668545,0.011563651880707054,-0.010786228812322432,0.03540085455029914
stock27-qwen38_think,1800,-0.05277777777777781,-0.06715248197311256,-0.038074031327895747,-0.06733507374866697,-0.08675150650434436,-0.047670360784307766
v2_27-qwen38,1800,0.022777777777777786,0.00939226519337022,0.03629257398101615,0.024239233736123654,0.00579288744480082,0.04163063897299742
v2_27-stock27,1800,0.046666666666666745,0.03257599631919783,0.06011267024415739,0.041844665490446444,0.02312147272275644,0.06018429353540765
