System,Size,Human-labeled,"Radiology, human-labeled",All questions,"All tasks, task mean"
RadKev-27B,27B,"82.4 (82.0, 82.9)","95.4 (95.0, 95.9)","87.2 (86.8, 87.5)","90.1 (89.4, 90.8)"
RadKev-9B,9B,"79.3 (78.8, 79.8)","95.0 (94.6, 95.5)","84.8 (84.5, 85.2)","86.9 (85.9, 87.8)"
Kev-27B,27B,"78.2 (77.7, 78.7)","93.0 (92.4, 93.5)","82.9 (82.5, 83.3)","83.3 (82.3, 84.4)"
Kev-9B,9B,"75.6 (75.1, 76.1)","94.0 (93.5, 94.5)","80.4 (80.0, 80.8)","79.1 (78.0, 80.2)"
Kev-4B,4B,"73.0 (72.4, 73.5)","92.6 (92.1, 93.1)","78.2 (77.8, 78.6)","75.5 (74.2, 76.7)"
Kev-0.8B,0.8B,"60.2 (59.6, 60.7)","85.7 (85.0, 86.4)","68.2 (67.7, 68.7)","59.7 (58.2, 61.2)"
Laya,0.42B,"45.9 (45.2, 46.5)","64.8 (63.8, 65.8)","46.8 (46.2, 47.4)","43.3 (41.8, 44.8)"
Laya-typed-decisions,0.42B,"49.7 (49.1, 50.4)","72.2 (71.3, 73.1)","51.3 (50.7, 51.8)","45.3 (43.8, 46.8)"
GLiNER2.5-Decide,0.49B,"49.9 (49.4, 50.4)","73.0 (72.4, 73.7)","53.6 (53.1, 54.1)","44.4 (43.1, 45.7)"
Julia-1,0.14B,"44.3 (43.7, 44.9)","62.5 (61.6, 63.3)","45.9 (45.3, 46.4)","34.8 (33.6, 36.0)"
Qwen3.8-27B,27B,"80.3 (79.8, 80.8)","94.9 (94.5, 95.4)","85.0 (84.7, 85.4)","89.1 (88.4, 89.8)"
MedGemma-27B-text,27B,"73.7 (73.1, 74.2)","91.3 (90.8, 91.8)","79.3 (78.9, 79.7)","82.0 (81.1, 82.9)"
