Decision family,n,Prespecified,Holm p,Full test set
Chest radiograph report reading,"9,011","+2.2 (+1.8, +2.5)",<0.001,"+2.1 (+1.7, +2.5)"
Case diagnosis,286,"+10.5 (+6.5, +14.6)",<0.001,"+11.3 (+7.5, +15.0)"
Subspecialty routing,158,"−1.3 (−6.0, +3.1)",1.00,"−1.1 (−5.4, +3.2)"
Radiology knowledge,69,"+11.6 (0.0, +22.2)",0.18,"+11.6 (0.0, +22.2)"
Medical knowledge,"8,626","+6.2 (+5.4, +7.0)",<0.001,"+6.2 (+5.4, +6.9)"
CT report reading,"6,950","+3.4 (+2.9, +3.8)",<0.001,"+3.4 (+2.9, +3.8)"
Chest radiograph finding status,83,"−1.2 (−3.9, 0.0)",1.00,"−1.2 (−3.9, 0.0)"
Imaging orders,520,"+20.6 (+16.7, +24.3)",<0.001,"+20.6 (+16.7, +24.3)"
Triage and follow-up,422,"+5.7 (+3.1, +8.3)",<0.001,"+5.7 (+3.1, +8.3)"
"All tasks, task mean","26,125","+6.7 (+5.7, +7.7)",<0.001,"+6.8 (+5.8, +7.8)"
"Human-labeled tasks, task mean","18,150","+3.6 (+2.5, +4.7)",<0.001,"+3.8 (+2.7, +4.8)"
"Radiology human-labeled tasks, task mean","9,524","+4.7 (+2.5, +6.7)",<0.001,"+4.8 (+2.6, +6.8)"
Mean over families (all),,+6.5,,
Mean over families (human-labeled),,+6.0,,
