Source,Alternatives,K,RadKev-27B,Kev-27B,RadKev-9B,Kev-9B,Qwen,MedGemma
Eurorad diagnosis,Original options,–,96.7,90.0,100.0,80.0,90.0,76.7
,Random,2,100.0,96.7,100.0,96.7,96.7,93.3
,,4,100.0,96.7,100.0,96.7,96.7,93.3
,,16,100.0,100.0,96.7,93.3,96.7,93.3
,,64,93.3,100.0,96.7,93.3,100.0,80.0
,,255,93.3,93.3,93.3,90.0,93.3,80.0
,Most similar,2,93.3,96.7,90.0,90.0,96.7,90.0
,,4,93.3,93.3,80.0,76.7,90.0,80.0
,,16,93.3,90.0,80.0,73.3,83.3,70.0
,,64,80.0,86.7,70.0,70.0,76.7,60.0
,,255,73.3,80.0,63.3,73.3,80.0,43.3
RSNA-RadioQA,Original options,–,73.3,73.3,63.3,60.0,70.0,60.0
,Random,2,100.0,100.0,96.7,96.7,100.0,93.3
,,4,96.7,96.7,90.0,93.3,100.0,93.3
,,16,90.0,90.0,90.0,86.7,93.3,86.7
,,64,86.7,90.0,90.0,90.0,90.0,80.0
,,255,83.3,76.7,83.3,80.0,80.0,73.3
,Most similar,2,73.3,76.7,63.3,63.3,86.7,76.7
,,4,63.3,66.7,60.0,63.3,80.0,53.3
,,16,60.0,63.3,36.7,43.3,43.3,30.0
,,64,53.3,53.3,40.0,36.7,56.7,40.0
,,255,33.3,43.3,26.7,26.7,36.7,26.7
